Model,RMSE
Ridge,0.11381912388921489
Lasso,0.11264643878427763
