Model,RMSE
Ridge,0.11316635775789927
Lasso,0.11253456844329565
