Model,RMSE
Ridge,0.11429532569916927
Lasso,0.11261735105210921
