Model,RMSE
Ridge,0.11391255740856535
Lasso,0.11262126464828497
