Model,RMSE
Ridge,0.1123041610351246
Lasso,0.1111228350251077
