Model,RMSE
Ridge,0.11377140701555148
Lasso,0.11228386228290695
