Model,RMSE
Ridge,0.11525346784379227
Lasso,0.11358738274748044
