Model,RMSE
Ridge,0.11532534995752997
Lasso,0.11351421073944842
