Model,RMSE
Ridge,0.11272530240562033
Lasso,0.11175392721925112
